City_ID,City,Country,Lat,Lng,Max Temp,Humidity,Cloudiness,Wind Speed,Current Condition
0,Cape Town,ZA,-33.9258,18.4232,59.38,71,0,11.99,clear sky
1,Kieta,PG,-6.2167,155.6333,78.24,84,6,4.25,clear sky
2,Goundam,ML,16.4145,-3.6708,85.41,44,100,4.68,overcast clouds
3,Yellowknife,CA,62.456,-114.3525,63.12,77,100,9.22,overcast clouds
4,Port Alfred,ZA,-33.5906,26.891,59.43,56,94,8.66,overcast clouds
5,Ponta Do Sol,PT,32.6667,-17.1,85.12,52,2,2.21,clear sky
6,Karasjok,NO,69.4719,25.5112,49.75,87,100,2.95,overcast clouds
7,Kutum,SD,14.2,24.6667,88.38,22,91,4.9,overcast clouds
8,Tuktoyaktuk,CA,69.4541,-133.0374,46.4,87,100,6.91,overcast clouds
9,Rikitea,PF,-23.1203,-134.9692,75.0,80,24,15.14,few clouds
10,Yulara,AU,-25.2406,130.9889,51.76,72,0,9.19,clear sky
11,Dikson,RU,73.5069,80.5464,46.08,85,100,17.94,overcast clouds
12,Butaritari,KI,3.0707,172.7902,82.4,68,3,22.46,clear sky
13,Ushuaia,AR,-54.8,-68.3,37.02,64,0,6.91,clear sky
14,Asau,RO,46.4333,26.4,67.28,96,100,2.39,overcast clouds
15,Vaini,TO,-21.2,-175.2,71.76,78,40,6.91,scattered clouds
16,Dubrovytsya,UA,51.5744,26.565,64.09,76,0,10.63,clear sky
17,Kruisfontein,ZA,-34.0033,24.7314,52.88,87,9,6.06,clear sky
18,Corn Island,NI,12.1694,-83.0418,80.91,81,71,15.75,broken clouds
19,Mahebourg,MU,-20.4081,57.7,68.29,77,75,8.05,broken clouds
20,Atuona,PF,-9.8,-139.0333,77.05,65,65,19.06,broken clouds
21,San Lawrenz,MT,36.0553,14.204,81.81,77,0,12.55,clear sky
22,Busselton,AU,-33.65,115.3333,57.13,74,100,14.05,overcast clouds
23,Bethel,US,41.3712,-73.414,95.18,49,0,13.8,clear sky
24,Kodiak,US,57.79,-152.4072,54.91,88,100,12.66,mist
25,Letka,RU,59.6011,49.4232,65.77,78,7,4.09,clear sky
26,Hermanus,ZA,-34.4187,19.2345,53.8,79,0,12.88,clear sky
27,Tual,ID,-5.6667,132.75,78.64,87,100,17.56,overcast clouds
28,Codrington,AU,-38.2667,141.9667,57.47,69,100,12.64,overcast clouds
29,Berezovyy,RU,51.6667,135.7,60.93,94,2,3.44,clear sky
30,Jamestown,US,42.097,-79.2353,85.95,70,75,9.22,broken clouds
31,Ereymentau,KZ,51.6199,73.1033,61.03,61,19,3.4,few clouds
32,Grindavik,IS,63.8424,-22.4338,53.55,87,75,9.22,broken clouds
33,Bambous Virieux,MU,-20.3428,57.7575,68.25,77,75,8.05,broken clouds
34,Hilo,US,19.7297,-155.09,81.28,70,75,3.0,broken clouds
35,Zaranj,AF,30.9667,61.8833,100.36,23,78,7.99,broken clouds
36,Mataura,NZ,-46.1927,168.8643,33.15,96,43,2.62,scattered clouds
37,Pundaguitan,PH,6.3711,126.1689,81.99,79,72,10.94,light rain
38,San Fernando,PH,15.0286,120.6898,80.33,83,56,1.34,broken clouds
39,Lorengau,PG,-2.0226,147.2712,81.57,79,92,6.55,overcast clouds
40,Sept-Iles,CA,50.2001,-66.3821,73.83,70,75,11.5,broken clouds
41,Mannheim,DE,49.4883,8.4647,90.41,34,0,3.44,clear sky
42,Ust-Tsilma,RU,65.441,52.1498,49.12,80,24,2.73,few clouds
43,Barrow,US,71.2906,-156.7887,39.22,87,100,0.0,mist
44,Severo-Kurilsk,RU,50.6789,156.125,51.75,98,100,13.47,light rain
45,Cidreira,BR,-30.1811,-50.2056,66.22,87,96,6.08,overcast clouds
46,Miandrivazo,MG,-19.5167,45.4667,69.04,69,0,1.92,clear sky
47,Chibuto,MZ,-24.6867,33.5306,65.91,74,97,16.42,overcast clouds
48,Harwich,GB,51.9419,1.2844,79.77,51,100,10.0,overcast clouds
49,Hithadhoo,MV,-0.6,73.0833,82.11,73,100,6.62,overcast clouds
50,New Norfolk,AU,-42.7826,147.0587,44.91,89,100,2.44,overcast clouds
51,Nome,US,64.5011,-165.4064,49.15,87,100,0.0,overcast clouds
52,Bluff,NZ,-46.6,168.3333,43.72,83,100,5.95,overcast clouds
53,Alegrete,BR,-29.7831,-55.7919,69.24,79,100,3.94,overcast clouds
54,Nouadhibou,MR,20.931,-17.0347,80.58,74,20,11.5,few clouds
55,Wajima,JP,37.4,136.9,75.63,82,82,6.2,broken clouds
56,Te Anau,NZ,-45.4167,167.7167,38.16,95,92,1.45,overcast clouds
57,Muskegon,US,43.3,-86.1334,76.86,88,100,12.66,overcast clouds
58,Sokolo,ML,14.7328,-6.1219,75.67,81,100,24.09,moderate rain
59,High Level,CA,58.5169,-117.136,68.11,56,40,11.5,haze
60,Rumoi,JP,43.9344,141.6428,64.18,92,85,1.43,overcast clouds
61,Lebu,CL,-37.6167,-73.65,49.06,95,100,5.7,overcast clouds
62,Arraial Do Cabo,BR,-22.9661,-42.0278,80.56,69,0,19.57,clear sky
63,Tasiilaq,GL,65.6145,-37.6368,48.36,83,30,5.91,scattered clouds
64,Robstown,US,27.7903,-97.6689,97.41,49,0,16.11,clear sky
65,Non Sang,TH,16.8687,102.5664,79.93,82,58,3.29,broken clouds
66,Sola,VU,-13.8833,167.55,80.17,78,23,6.82,few clouds
67,Saldanha,ZA,-33.0117,17.9442,48.25,72,0,9.64,clear sky
68,Hobart,AU,-42.8794,147.3294,45.27,96,63,2.3,broken clouds
69,Yagoua,CM,10.3411,15.2329,80.15,70,86,5.28,overcast clouds
70,Acarau,BR,-2.8856,-40.12,84.83,64,66,18.84,broken clouds
71,Botou,CN,38.0667,116.5667,75.78,82,0,8.63,clear sky
72,Kavaratti,IN,10.5669,72.642,80.82,79,100,13.22,overcast clouds
73,Trincomalee,LK,8.5711,81.2335,80.02,76,100,13.56,overcast clouds
74,Punta Arenas,CL,-53.15,-70.9167,41.02,65,20,26.46,few clouds
75,Puerto Escondido,MX,15.85,-97.0667,86.83,62,40,6.91,scattered clouds
76,Kaitangata,NZ,-46.2817,169.8464,35.02,93,42,1.79,scattered clouds
77,Bereda,ES,43.2686,-7.5406,80.15,56,0,5.55,clear sky
78,Saskylakh,RU,71.9167,114.0833,59.81,78,88,5.86,overcast clouds
79,Hualmay,PE,-11.0964,-77.6139,68.11,68,8,12.15,clear sky
80,Longyearbyen,SJ,78.2186,15.6401,48.04,81,75,13.8,broken clouds
81,Sovetskaya Gavan,RU,48.9723,140.2878,58.12,96,29,4.54,scattered clouds
82,Goiatuba,BR,-18.0125,-49.3547,84.56,22,17,7.65,few clouds
83,Roald,NO,62.5833,6.1333,65.16,94,75,14.97,light rain
84,Bredasdorp,ZA,-34.5322,20.0403,49.35,88,0,7.47,clear sky
85,Chokurdakh,RU,70.6333,147.9167,55.2,57,97,5.82,overcast clouds
86,La Ronge,CA,55.1001,-105.2842,70.02,52,75,9.22,broken clouds
87,Pangnirtung,CA,66.1451,-65.7125,44.6,93,75,6.91,broken clouds
88,Auki,SB,-8.7676,160.7034,76.55,88,12,4.03,few clouds
89,Iqaluit,CA,63.7506,-68.5145,49.73,81,75,11.5,broken clouds
90,Vancouver,CA,49.2497,-123.1193,78.98,73,40,11.5,scattered clouds
91,Hobyo,SO,5.3505,48.5268,75.99,83,25,25.5,scattered clouds
92,Cayenne,GF,4.9333,-52.3333,85.08,13,97,4.0,overcast clouds
93,Mbaiki,CF,3.8678,17.9892,72.39,92,58,2.06,broken clouds
94,Khatanga,RU,71.9667,102.5,67.84,57,99,14.0,overcast clouds
95,Vargashi,RU,55.3556,65.8467,65.23,78,79,5.61,broken clouds
96,Camacha,PT,33.0833,-16.3333,78.22,54,20,12.66,few clouds
97,Nanortalik,GL,60.1432,-45.2371,47.84,78,100,5.77,overcast clouds
98,Tavricheskoye,RU,54.5851,73.6395,57.11,80,15,3.56,few clouds
99,North Bend,US,43.4065,-124.2243,68.16,88,0,14.97,clear sky
100,Qaanaaq,GL,77.484,-69.3632,38.79,94,100,1.57,overcast clouds
101,Oranjemund,NA,-28.55,16.4333,63.73,41,0,5.99,clear sky
102,Tsabong,BW,-26.0217,22.401,58.98,22,84,10.11,broken clouds
103,Neiafu,TO,-18.65,-173.9833,74.08,73,40,6.91,scattered clouds
104,Torbay,CA,47.6666,-52.7314,85.87,49,40,13.8,scattered clouds
105,Sabla,NG,12.7525,4.7077,85.73,54,67,7.43,broken clouds
106,Zhicheng,CN,30.2956,111.5047,77.7,94,69,1.92,broken clouds
107,Hammerfest,NO,70.6634,23.6821,50.45,81,20,3.44,few clouds
108,East London,ZA,-33.0153,27.9116,54.54,87,0,10.36,clear sky
109,Toora-Khem,RU,52.4675,96.11,49.51,86,4,1.63,clear sky
110,Port Lincoln,AU,-34.7333,135.8667,55.83,85,97,22.35,overcast clouds
111,Ancud,CL,-41.8697,-73.8203,48.22,91,100,4.65,overcast clouds
112,Vardo,NO,70.3705,31.1107,51.78,82,20,10.36,few clouds
113,Chinchani,IN,19.8667,72.7,79.59,87,100,14.92,overcast clouds
114,Gewane,ET,10.1664,40.6453,85.35,46,26,11.74,light rain
115,Smithers,CA,54.7804,-127.1743,59.32,77,100,5.75,light rain
116,Cabo San Lucas,MX,22.8909,-109.9124,91.62,75,20,6.91,few clouds
117,Thompson,CA,55.7435,-97.8558,69.96,40,75,10.36,broken clouds
118,Grand Gaube,MU,-20.0064,57.6608,68.4,69,0,14.34,clear sky
119,Mufumbwe,ZM,-13.6833,24.8,60.13,38,0,3.87,clear sky
120,Lagoa,PT,39.05,-27.9833,74.07,88,0,10.94,clear sky
121,Jizan,SA,17.3333,42.6667,86.94,58,99,1.28,heavy intensity rain
122,Airai,TL,-8.9266,125.4092,53.46,76,37,1.99,scattered clouds
123,Upernavik,GL,72.7868,-56.1549,41.38,96,100,6.06,overcast clouds
124,Kiomboi,TZ,-4.2667,34.3667,68.83,39,63,8.79,broken clouds
125,Nikolskoye,RU,59.7035,30.7861,66.09,92,100,3.85,overcast clouds
126,Vostok,RU,46.4856,135.8833,58.01,96,99,1.99,overcast clouds
127,Kyzyl-Mazhalyk,RU,51.1333,90.6,54.43,85,80,0.49,broken clouds
128,Abalak,RU,58.1286,68.5944,57.07,76,100,5.55,overcast clouds
129,Geraldton,AU,-28.7667,114.6,46.81,93,22,12.66,few clouds
130,Bandar-E Anzali,IR,37.4727,49.4622,73.51,76,80,6.04,light rain
131,Hamilton,US,39.1834,-84.5333,90.88,64,40,14.97,scattered clouds
132,Marsaxlokk,MT,35.8419,14.5431,83.01,69,0,11.5,clear sky
133,Kumluca,TR,36.3703,30.2869,85.62,33,0,8.16,clear sky
134,Beled,HU,47.4659,17.0929,78.93,33,0,6.98,clear sky
135,Tornio,FI,65.8481,24.1466,64.42,67,22,5.77,few clouds
136,Korla,CN,41.7597,86.1469,88.54,22,99,23.06,overcast clouds
137,Avarua,CK,-21.2078,-159.775,68.05,52,40,5.75,scattered clouds
138,Ligayan,PH,4.6533,119.4706,83.95,75,100,11.72,overcast clouds
139,Rawson,AR,-43.3002,-65.1023,44.06,71,100,12.37,overcast clouds
140,Touros,BR,-5.1989,-35.4608,79.16,77,99,19.89,overcast clouds
141,Victoria,HK,22.2855,114.1577,89.19,83,3,5.99,clear sky
142,Necochea,AR,-38.5473,-58.7368,48.67,88,100,9.78,overcast clouds
143,Utrecht,NL,52.0,5.25,86.07,55,95,3.0,overcast clouds
144,Kamaishi,JP,39.2667,141.8833,70.59,91,60,3.0,broken clouds
145,Akyab,MM,20.15,92.9,80.33,83,100,4.61,overcast clouds
146,Lerwick,GB,60.1545,-1.1494,55.4,89,100,11.14,overcast clouds
147,Roebourne,AU,-20.7833,117.1333,65.35,46,0,12.86,clear sky
148,Saint-Philippe,RE,-21.3585,55.7679,68.22,79,43,10.76,scattered clouds
149,Kapaa,US,22.0752,-159.319,80.58,73,40,13.8,scattered clouds
150,Otterup,DK,55.5153,10.3976,66.22,76,100,8.01,overcast clouds
151,Ajdabiya,LY,30.7554,20.2263,81.12,68,0,20.74,clear sky
152,Merauke,ID,-8.4667,140.3333,75.96,88,87,12.91,overcast clouds
153,Nikolsk,RU,53.7189,46.0712,64.31,81,9,4.72,clear sky
154,Dubrovnik,HR,42.6481,18.0922,82.04,61,0,3.44,clear sky
155,Veraval,IN,20.9,70.3667,80.73,86,93,17.76,overcast clouds
156,Huicungo,PE,-7.2833,-76.8,89.85,46,48,3.29,scattered clouds
157,Faanui,PF,-16.4833,-151.75,78.51,76,2,12.01,light rain
158,Walvis Bay,NA,-22.9575,14.5053,54.09,93,25,4.61,scattered clouds
159,Acapulco,MX,16.8634,-99.8901,87.62,66,40,6.91,scattered clouds
160,Albany,US,42.6001,-73.9662,98.17,38,33,1.01,scattered clouds
161,Mizdah,LY,31.4451,12.9801,83.43,22,0,7.49,clear sky
162,Elbrus,RU,43.2577,42.6443,51.08,95,98,2.82,overcast clouds
163,Punta Cardon,VE,11.6581,-70.215,85.69,60,2,19.82,clear sky
164,Viedma,AR,-40.8135,-62.9967,48.45,69,100,13.38,moderate rain
165,Verkhnevilyuysk,RU,63.4453,120.3167,61.47,77,56,6.76,broken clouds
166,Langsa,ID,4.4683,97.9683,74.19,98,100,1.72,overcast clouds
167,Ikom,NG,5.9667,8.7063,74.07,95,100,1.95,light rain
168,Kawalu,ID,-7.3817,108.2082,69.26,93,99,2.15,overcast clouds
169,Aksarka,RU,66.5606,67.7975,50.77,78,74,12.21,broken clouds
170,Castro,BR,-24.7911,-50.0119,74.14,46,93,3.69,overcast clouds
171,Bure,ET,10.7,37.0667,55.83,99,98,0.47,overcast clouds
172,Saint George,US,37.1041,-113.5841,94.42,39,75,5.75,broken clouds
173,Kalulushi,ZM,-12.8378,28.0919,63.81,41,35,4.85,scattered clouds
174,Huarmey,PE,-10.0681,-78.1522,69.78,70,7,11.65,clear sky
175,Waipawa,NZ,-41.4122,175.5153,45.09,87,100,10.78,overcast clouds
176,Coihaique,CL,-45.5752,-72.0662,36.21,75,100,4.61,light shower snow
177,Costa Rica,BR,-23.4167,-54.65,84.0,33,76,7.94,broken clouds
178,El Limon,VE,10.3059,-67.6321,87.12,53,80,3.8,broken clouds
179,Kismayo,SO,-0.3582,42.5454,75.58,82,86,18.75,overcast clouds
180,Chuy,UY,-33.6971,-53.4616,64.83,90,21,3.6,few clouds
181,Santa Rosa,PH,14.3122,121.1114,84.18,82,100,4.47,overcast clouds
182,La Asuncion,VE,11.0333,-63.8628,87.53,62,6,18.41,clear sky
183,Hasaki,JP,35.7333,140.8333,75.6,86,50,13.27,scattered clouds
184,Ribeira Grande,PT,38.5167,-28.7,77.4,83,75,11.5,broken clouds
185,Taltal,CL,-25.4,-70.4833,60.62,72,11,3.69,few clouds
186,Ust-Omchug,RU,61.15,149.6333,52.86,89,100,1.03,overcast clouds
187,Linfen,CN,36.0889,111.5189,79.63,56,38,2.1,scattered clouds
188,Kuching,MY,1.55,110.3333,75.42,100,20,2.3,few clouds
189,Alofi,NU,-19.0595,-169.9187,60.69,94,100,4.61,overcast clouds
190,Kahului,US,20.8947,-156.47,82.42,62,0,17.27,clear sky
191,Clevelandia,BR,-26.3958,-52.4708,71.29,66,100,4.09,overcast clouds
192,Sao Joao Da Barra,BR,-21.6403,-41.0511,78.89,73,0,13.44,clear sky
193,Avera,US,33.194,-82.5271,94.51,40,26,3.47,scattered clouds
194,Vila Velha,BR,-20.3297,-40.2925,78.75,69,75,11.5,broken clouds
195,Ketchikan,US,55.3422,-131.6461,57.67,94,100,14.97,moderate rain
196,Palauig,PH,15.435,119.9045,81.82,80,62,4.14,broken clouds
197,Bone,DE,51.9669,12.1396,78.89,47,16,6.85,few clouds
198,Haines Junction,CA,60.7522,-137.5108,49.95,87,100,0.0,overcast clouds
199,Narsaq,GL,60.9167,-46.05,61.02,60,74,4.59,broken clouds
200,Noumea,NC,-22.2763,166.4572,73.99,99,21,5.3,few clouds
201,Matamoros,MX,25.5333,-103.25,89.71,29,0,9.22,clear sky
202,Tiksi,RU,71.6872,128.8694,45.01,79,8,3.89,clear sky
203,Chumikan,RU,54.7183,135.315,53.38,98,39,5.64,scattered clouds
204,Pochutla,MX,15.7432,-96.4661,85.82,57,100,5.14,overcast clouds
205,Jalu,LY,29.0331,21.5482,89.82,17,0,7.49,clear sky
206,Eyemouth,GB,55.8713,-2.0901,68.81,73,26,18.81,scattered clouds
207,Sao Filipe,CV,14.8961,-24.4956,78.98,80,100,1.61,light rain
208,Puerto Ayora,EC,-0.7393,-90.3518,80.56,88,53,8.01,broken clouds
209,Axim,GH,4.8699,-2.2405,74.7,83,21,7.4,few clouds
210,Providencia,MX,28.7167,-111.5833,96.24,49,98,21.36,overcast clouds
211,Namibe,AO,-15.1961,12.1522,64.02,87,81,3.2,broken clouds
212,Port-Gentil,GA,-0.7193,8.7815,75.16,78,40,8.05,scattered clouds
213,Kotri,PK,25.366,68.3122,77.97,92,100,7.27,moderate rain
214,Campos Do Jordao,BR,-22.7394,-45.5914,72.95,34,93,2.35,overcast clouds
215,Taoudenni,ML,22.6783,-3.9836,106.18,16,19,7.87,few clouds
216,Constitucion,CL,-35.3333,-72.4167,55.13,91,100,11.43,overcast clouds
217,Port Elizabeth,ZA,-33.918,25.5701,55.09,96,40,5.75,scattered clouds
218,Arlit,NE,18.7369,7.3853,102.6,17,15,10.31,few clouds
219,Tigbao,PH,12.5546,123.3389,81.12,80,95,5.37,overcast clouds
220,Dingle,PH,10.9995,122.6711,76.64,90,100,2.06,overcast clouds
221,Georgetown,MY,5.4112,100.3354,78.73,98,40,2.3,scattered clouds
222,Gonbad-E Qabus,IR,37.25,55.1672,79.75,65,100,10.2,overcast clouds
223,Laguna,US,38.421,-121.4238,94.08,42,0,4.61,clear sky
224,Rocha,UY,-34.4833,-54.3333,65.44,88,100,3.94,overcast clouds
225,Kijang,KR,35.2442,129.2139,74.93,93,0,2.8,clear sky
226,Lavrentiya,RU,65.5833,-171.0,41.22,94,100,9.84,moderate rain
227,Bonfim,BR,3.0833,-59.95,77.36,86,97,5.61,overcast clouds
228,Lata,PT,40.1629,-8.3327,75.07,46,1,5.64,clear sky
229,Chimoio,MZ,-19.1164,33.4833,61.32,55,0,2.75,clear sky
230,Sitka,US,57.0531,-135.33,57.09,88,100,8.05,light rain
231,Svetlogorsk,BY,52.6333,29.7333,62.83,96,25,8.57,scattered clouds
232,Igarka,RU,67.4667,86.5833,52.36,96,100,23.8,overcast clouds
233,Dwarka,IN,22.2394,68.9678,81.75,85,100,21.54,overcast clouds
234,Provideniya,RU,64.3833,-173.3,44.08,83,99,5.64,overcast clouds
235,Kipushi,CD,-11.7667,27.2333,62.98,42,36,3.4,scattered clouds
236,Valea Ciorii,RO,44.7167,27.5667,84.34,43,30,11.18,scattered clouds
237,Pevek,RU,69.7008,170.3133,35.28,91,38,1.81,scattered clouds
238,Xianyang,CN,34.3378,108.7026,76.24,88,0,2.24,clear sky
239,Urengoy,RU,65.9667,78.3667,51.55,89,100,12.15,overcast clouds
240,Coquimbo,CL,-29.9533,-71.3436,56.93,71,75,4.61,broken clouds
241,Margate,GB,51.3813,1.3862,78.87,66,97,3.0,overcast clouds
242,Dunedin,NZ,-45.8742,170.5036,44.8,80,100,2.06,overcast clouds
243,Sorland,NO,67.667,12.6934,53.46,79,98,18.19,overcast clouds
244,Mentougou,CN,39.9392,116.0917,74.34,63,98,3.18,overcast clouds
245,Lar,IN,26.2039,83.9717,80.46,83,77,12.84,broken clouds
246,Bengkulu,ID,-3.8004,102.2655,75.72,91,100,6.69,light rain
247,Koslan,RU,63.4564,48.8989,52.23,86,100,3.65,overcast clouds
248,Osorno,CL,-40.5667,-73.15,50.31,87,75,2.3,light rain
249,Tateyama,JP,34.9833,139.8667,79.11,87,99,11.05,overcast clouds
250,Nabire,ID,-3.3667,135.4833,75.47,92,100,3.02,overcast clouds
251,Katsuura,JP,35.1333,140.3,77.52,87,97,11.1,overcast clouds
252,Verkh-Usugli,RU,52.7,115.1667,58.96,97,100,3.11,light rain
253,Batagay-Alyta,RU,67.8006,130.4114,53.62,89,62,1.23,broken clouds
254,Sunnyside,US,46.3237,-120.0087,92.34,37,0,0.0,clear sky
255,Comodoro Rivadavia,AR,-45.8667,-67.5,39.06,56,0,4.61,clear sky
256,Saint Anthony,US,45.0205,-93.218,78.93,48,75,23.02,broken clouds
257,Esperance,AU,-33.8667,121.9,52.29,69,100,12.35,overcast clouds
258,Fomboni,KM,-12.28,43.7425,75.24,73,0,12.03,clear sky
259,Mar Del Plata,AR,-38.0023,-57.5575,53.1,98,100,7.0,fog
260,Hisua,IN,24.8333,85.4167,81.57,77,98,8.28,overcast clouds
261,Krasnaya Polyana,RU,56.242,51.1442,72.25,65,99,2.91,overcast clouds
262,Sakakah,SA,29.9697,40.2064,98.17,14,0,10.98,clear sky
263,Pishin,PK,30.5803,66.9961,77.97,55,100,11.97,overcast clouds
264,Kryve Ozero,UA,47.9524,30.3493,75.2,41,99,5.19,overcast clouds
265,Ilulissat,GL,69.2167,-51.1,46.42,93,40,5.75,scattered clouds
266,Lexington Park,US,38.2668,-76.4538,94.95,67,40,10.36,scattered clouds
267,Faro,PT,37.0194,-7.9322,94.17,37,0,11.5,clear sky
268,Marsa Matruh,EG,31.3525,27.2453,80.8,69,0,13.8,clear sky
269,Palmeirais,BR,-5.9778,-43.0633,96.73,25,100,7.43,overcast clouds
270,Shasta Lake,US,40.6804,-122.3708,99.75,16,0,2.84,clear sky
271,Kalnciems,LV,56.8011,23.6097,66.02,69,8,8.57,clear sky
272,Vila Franca Do Campo,PT,37.7167,-25.4333,73.81,80,83,5.39,broken clouds
273,Kharp,RU,66.8014,65.8081,49.87,87,100,9.08,overcast clouds
274,Daru,PG,-9.0763,143.2092,76.62,90,99,14.88,overcast clouds
275,Mogadishu,SO,2.0371,45.3438,75.87,83,65,18.37,broken clouds
276,Karratha,AU,-20.7377,116.8463,65.23,46,0,13.06,clear sky
277,San Patricio,US,28.017,-97.5169,98.19,42,0,20.11,clear sky
278,Baoshan,CN,46.5586,131.4244,62.73,98,100,4.29,overcast clouds
279,Port Blair,IN,11.6667,92.75,78.84,94,40,2.3,mist
280,Port Hedland,AU,-20.3167,118.5667,59.05,67,0,8.05,clear sky
281,Svetlaya,RU,46.5389,138.3297,59.97,95,15,1.95,few clouds
282,Kenora,CA,49.8167,-94.4337,59.97,58,75,16.11,broken clouds
283,Ostrovnoy,RU,68.0531,39.5131,50.27,87,85,12.71,overcast clouds
284,Mikhaylov,RU,54.2292,39.0186,71.71,63,100,4.83,overcast clouds
285,Kazanlak,BG,42.6167,25.4,79.61,35,47,6.06,scattered clouds
286,Miles City,US,46.4083,-105.8406,83.37,34,0,10.36,clear sky
287,Fortuna,US,40.5982,-124.1573,61.66,74,18,6.89,few clouds
288,Eyl,SO,7.9803,49.8164,77.36,77,69,23.0,broken clouds
289,Lompoc,US,34.6391,-120.4579,68.85,75,75,8.99,broken clouds
290,Balikpapan,ID,-1.2675,116.8289,81.59,83,40,6.91,scattered clouds
291,Souillac,MU,-20.5167,57.5167,68.38,77,75,8.05,broken clouds
292,Norman Wells,CA,65.282,-126.8329,68.04,49,20,8.05,few clouds
293,Aljezur,PT,37.3191,-8.8033,75.09,60,41,11.21,scattered clouds
294,Puerto Palomas,MX,31.7667,-107.6167,92.34,28,0,6.51,clear sky
295,Nukus,UZ,42.4531,59.6103,85.98,30,0,4.61,clear sky
296,Kuala Pilah,MY,2.7389,102.2487,74.21,97,100,1.21,overcast clouds
297,Komsomolskiy,UZ,40.4272,71.7189,90.32,13,0,4.61,clear sky
298,San Policarpo,PH,12.1791,125.5072,79.5,83,97,3.13,overcast clouds
299,Aklavik,CA,68.2191,-135.0107,50.0,87,100,0.0,shower rain
300,Vao,NC,-22.6667,167.4833,72.21,74,100,13.65,overcast clouds
301,Carnarvon,AU,-24.8667,113.6333,58.68,50,0,16.28,clear sky
302,Husavik,IS,66.0449,-17.3389,48.81,82,100,6.17,overcast clouds
303,Gornopravdinsk,RU,60.05,69.9,58.86,60,98,4.65,overcast clouds
304,Bhadrachalam,IN,17.6667,80.8833,76.86,93,100,1.99,heavy intensity rain
305,Green River,US,41.5286,-109.4662,68.4,22,99,17.0,overcast clouds
306,Lalmohan,BD,22.3384,90.7419,80.08,87,100,10.47,overcast clouds
307,Champerico,GT,14.3,-91.9167,90.14,74,99,3.89,overcast clouds
308,Cherskiy,RU,68.75,161.3,52.38,48,100,5.48,overcast clouds
309,Adrar,MR,20.5022,-10.0711,104.67,6,4,9.89,clear sky
310,San Cristobal,VE,7.7669,-72.225,78.98,41,100,7.74,overcast clouds
311,Sawakin,SD,19.1059,37.3321,94.12,47,14,7.16,few clouds
312,Shiyan,CN,32.6475,110.7781,77.65,89,87,1.66,overcast clouds
313,Nizhnevartovsk,RU,60.9344,76.5531,53.62,100,0,2.24,clear sky
314,Gamboula,CF,4.1178,15.1393,70.36,95,100,1.54,overcast clouds
315,Petropavlovsk-Kamchatskiy,RU,53.0452,158.6483,50.59,100,100,6.71,light intensity shower rain
316,Vestmannaeyjar,IS,63.4427,-20.2734,52.79,87,75,11.5,broken clouds
317,Presidencia Roque Saenz Pena,AR,-26.7852,-60.4388,93.69,24,1,12.77,clear sky
318,Kosai,JP,34.7105,137.5316,77.86,85,100,2.89,overcast clouds
319,Marinette,US,45.1,-87.6307,80.69,50,75,10.36,broken clouds
320,Klaksvik,FO,62.2266,-6.589,52.72,94,100,27.13,light rain
321,Alta Floresta,BR,-9.8756,-56.0861,96.62,23,0,6.91,clear sky
322,Chimbote,PE,-9.0853,-78.5783,69.12,71,11,11.45,few clouds
323,Buraydah,SA,26.326,43.975,102.65,10,98,5.77,overcast clouds
324,Coruripe,BR,-10.1256,-36.1756,75.9,71,82,10.92,broken clouds
325,Jieshi,CN,22.8134,115.8257,84.56,84,16,8.16,few clouds
326,Manadhoo,MV,5.7667,73.3833,81.43,76,99,13.2,overcast clouds
327,Perambalur,IN,11.2333,78.8833,82.04,69,100,7.72,light rain
328,Sile,TR,41.1754,29.6133,77.67,63,0,1.01,clear sky
329,Bonnyville,CA,54.2668,-110.735,72.72,62,100,9.91,overcast clouds
330,Pala,TD,9.3642,14.9046,75.79,82,98,2.39,light rain
331,Preobrazheniye,RU,42.9019,133.9064,62.08,93,55,3.38,broken clouds
332,Talaya,RU,61.3833,152.75,50.2,78,39,2.01,scattered clouds
333,Wakkanai,JP,45.4094,141.6739,64.2,89,100,5.64,overcast clouds
334,Ambon,ID,-3.6954,128.1814,77.23,15,40,4.61,scattered clouds
335,Saint-Augustin,CA,51.226,-58.6502,74.66,57,98,11.48,overcast clouds
336,Mayo,US,38.8876,-76.5119,99.21,66,0,8.05,clear sky
337,Ocampo,MX,21.65,-101.5,73.63,37,93,12.5,overcast clouds
338,Kindia,GN,10.0569,-12.8658,71.2,95,95,1.23,light rain
339,Mount Isa,AU,-20.7333,139.5,49.77,76,0,2.3,clear sky
340,Mangai,CD,-4.05,19.5333,74.68,75,81,1.25,broken clouds
341,Saint-Joseph,RE,-21.3667,55.6167,66.58,79,23,10.29,few clouds
342,Krasnovka,RU,48.8177,40.0923,66.94,64,15,3.6,few clouds
343,Jurado,CO,7.1053,-77.7641,81.27,80,100,6.2,light rain
344,Kosh-Agach,RU,50.0,88.6667,45.97,80,21,3.11,few clouds
345,Bathsheba,BB,13.2167,-59.5167,88.41,82,40,14.97,scattered clouds
346,Whitehorse,CA,60.7161,-135.0538,50.77,87,100,12.66,light intensity shower rain
347,Guerrero Negro,MX,27.9769,-114.0611,78.93,53,57,4.45,broken clouds
348,Ahipara,NZ,-35.1667,173.1667,60.76,95,100,22.79,overcast clouds
349,Caraballeda,VE,10.6112,-66.8522,91.87,58,40,5.75,scattered clouds
350,Balykshi,KZ,47.0667,51.8667,64.4,82,40,6.71,scattered clouds
351,Anchorage,US,61.2181,-149.9003,61.65,74,100,5.75,overcast clouds
352,Zhangye,CN,38.9342,100.4517,76.59,28,0,6.06,clear sky
353,Lasa,IT,46.6166,10.7002,77.88,82,57,2.91,broken clouds
354,Belaya Gora,RU,68.5333,146.4167,59.47,45,75,5.32,broken clouds
355,Mount Gambier,AU,-37.8333,140.7667,52.7,96,100,9.73,light rain
356,Namatanai,PG,-3.6667,152.4333,78.64,85,18,6.91,few clouds
357,Zadar,HR,44.1197,15.2422,86.61,39,0,4.61,clear sky
358,Khandbari,NP,27.3747,87.2039,72.37,88,100,0.13,overcast clouds
359,Sao Jose Da Coroa Grande,BR,-8.8978,-35.1478,75.88,71,100,11.32,overcast clouds
360,Bilibino,RU,68.0546,166.4372,47.43,60,10,5.23,clear sky
361,Dengzhou,CN,37.8086,120.7508,74.89,87,0,9.17,clear sky
362,Sembe,CG,1.6481,14.5806,71.15,97,74,2.35,light rain
363,Omboue,GA,-1.5746,9.2618,72.5,80,90,8.19,overcast clouds
364,Pisco,PE,-13.7,-76.2167,64.45,77,2,9.22,mist
365,Talnakh,RU,69.4865,88.3972,60.21,80,14,14.16,few clouds
366,Yumen,CN,40.2833,97.2,77.07,28,5,11.63,clear sky
367,Nakambala,ZM,-15.8324,27.7799,62.58,40,0,5.39,clear sky
368,Aksu,CN,41.1231,80.2644,89.15,20,98,5.01,overcast clouds
369,Manzhouli,CN,49.6,117.4333,60.96,91,100,6.55,overcast clouds
370,Roura,GF,4.7263,-52.3274,85.96,83,100,2.3,overcast clouds
371,Kwinana,AU,-32.25,115.7667,53.35,64,100,9.55,overcast clouds
372,Hun,LY,29.1268,15.9477,86.45,26,0,19.53,clear sky
373,Chemainus,CA,48.9163,-123.7194,74.88,66,75,8.05,broken clouds
374,Livingstonia,MW,-10.606,34.1063,62.37,64,82,3.15,broken clouds
375,Aykhal,RU,66.0,111.5,63.43,88,100,6.11,overcast clouds
376,The Valley,AI,18.217,-63.0578,86.14,66,20,16.11,few clouds
377,Meiktila,MM,20.8667,95.8667,78.53,77,100,5.84,overcast clouds
378,Perth,AU,-31.9333,115.8333,53.19,86,0,9.22,clear sky
379,Ratnagiri,IN,16.9833,73.3,77.83,87,100,6.46,overcast clouds
380,Naze,JP,28.3667,129.4833,79.72,86,4,4.16,clear sky
381,Pucallpa,PE,-8.3791,-74.5539,87.84,62,40,12.66,scattered clouds
382,Nara,JP,34.6851,135.8049,81.5,55,100,2.51,overcast clouds
383,Hirado,JP,33.3597,129.5531,78.39,87,20,5.44,few clouds
384,Lowestoft,GB,52.4752,1.7516,82.65,41,100,18.5,overcast clouds
385,Blythe,US,33.6103,-114.5964,97.25,36,0,13.8,clear sky
386,Maniitsoq,GL,65.4167,-52.9,44.85,90,100,14.16,overcast clouds
387,Rio Gallegos,AR,-51.6226,-69.2181,33.85,69,0,13.8,clear sky
388,Jiujiang,CN,29.7333,115.9833,81.99,83,3,3.04,clear sky
389,Srednekolymsk,RU,67.45,153.6833,60.55,47,52,5.35,broken clouds
390,Huilong,CN,31.8111,121.655,80.92,88,10,6.53,clear sky
391,Kavieng,PG,-2.5744,150.7967,82.11,77,63,10.87,broken clouds
392,Mehamn,NO,71.0357,27.8492,53.51,93,75,8.05,mist
393,Oksfjord,NO,70.2396,22.3479,55.47,78,77,1.63,broken clouds
394,Liverpool,GB,53.4106,-2.9779,69.62,80,75,18.41,broken clouds
395,Umm Kaddadah,SD,13.6017,26.6876,93.6,32,100,15.61,overcast clouds
396,Kaminskiy,RU,57.1516,41.4732,69.75,63,48,2.13,scattered clouds
397,Gamba,GA,-2.65,10.0,70.2,88,32,5.19,scattered clouds
398,Siuna,NI,13.7332,-84.7773,89.37,49,86,6.96,overcast clouds
399,Turayf,SA,31.6725,38.6637,89.85,20,0,5.75,clear sky
400,Hami,CN,42.8,93.45,85.82,23,6,8.25,clear sky
401,Cedar City,US,37.6775,-113.0619,79.77,39,40,10.36,scattered clouds
402,Denpasar,ID,-8.65,115.2167,76.71,65,20,10.36,few clouds
403,Panaba,MX,21.2833,-88.2667,94.8,42,99,18.16,overcast clouds
404,Sladkovo,RU,55.5284,70.3385,58.93,87,44,6.02,scattered clouds
405,Suzun,RU,53.7841,82.3116,53.24,87,100,3.87,overcast clouds
406,Portland,US,45.5234,-122.6762,82.45,61,20,9.22,few clouds
407,Allapalli,IN,19.4167,80.0667,74.17,97,100,2.8,overcast clouds
408,Sinnamary,GF,5.3833,-52.95,83.53,73,100,8.93,overcast clouds
409,Polyarnyy,RU,69.1989,33.4478,50.85,80,99,5.3,overcast clouds
410,Shahe,CN,39.2708,113.5478,66.74,64,100,2.35,overcast clouds
411,Vanimo,PG,-2.6741,141.3028,77.65,90,25,4.47,scattered clouds
412,Urumqi,CN,43.801,87.6005,68.95,64,75,6.71,broken clouds
413,Xichang,CN,27.8964,102.2634,64.2,93,90,0.98,overcast clouds
414,Ossora,RU,59.2353,163.0719,52.16,77,7,1.7,clear sky
415,Deputatskiy,RU,69.3,139.9,52.97,76,100,2.37,overcast clouds
416,San Quintin,MX,30.4833,-115.95,72.82,70,100,10.94,overcast clouds
417,Bonavista,CA,48.6499,-53.1147,67.08,81,92,11.83,light rain
418,Kaeo,NZ,-35.1,173.7833,59.32,96,100,22.62,overcast clouds
419,Meulaboh,ID,4.1363,96.1285,75.72,93,100,4.72,overcast clouds
420,Kandi,BJ,11.1342,2.9386,76.08,83,100,2.82,overcast clouds
421,Tuatapere,NZ,-46.1333,167.6833,42.3,95,100,2.48,overcast clouds
422,Udachnyy,RU,66.4167,112.4,64.45,59,100,8.68,light rain
423,Yaan,NG,7.3833,8.5667,75.25,89,75,4.32,broken clouds
424,Guarapari,BR,-20.6667,-40.4975,75.88,70,0,13.06,clear sky
425,Kokopo,PG,-4.352,152.2633,77.18,86,9,11.9,clear sky
426,Hobbs,US,32.7026,-103.136,93.81,27,0,8.05,clear sky
427,Coari,BR,-4.085,-63.1414,93.87,38,19,0.92,few clouds
428,Priiskovyy,RU,51.9333,116.6333,62.02,93,99,3.29,overcast clouds
429,Bilma,NE,18.6853,12.9164,98.64,12,6,9.78,clear sky
430,Villiers,ZA,-27.0303,28.6006,45.03,29,0,3.69,clear sky
431,Tilichiki,RU,60.4667,166.1,51.53,79,31,3.36,scattered clouds
432,Nijar,ES,36.9665,-2.206,79.65,83,0,4.61,clear sky
433,Soe,ID,-9.8607,124.284,56.57,84,43,3.69,scattered clouds
434,Schwyz,CH,47.0279,8.6561,83.71,80,0,2.17,clear sky
435,Sterling,US,39.0062,-77.4286,99.14,45,40,9.22,scattered clouds
436,Faya,SA,18.3851,42.4509,64.92,58,55,7.43,broken clouds
437,Shingu,JP,33.7333,135.9833,73.24,85,100,3.74,overcast clouds
438,Katobu,ID,-4.9408,122.5276,70.5,86,95,2.98,overcast clouds
439,Villarrubia De Los Ojos,ES,39.2209,-3.608,98.92,13,92,14.09,overcast clouds
440,Prince Rupert,CA,54.3161,-130.3201,59.09,96,100,24.16,light rain
441,North Platte,US,41.1239,-100.7654,85.89,42,0,16.11,clear sky
442,Novo Aripuana,BR,-5.1206,-60.3797,98.2,25,90,3.51,overcast clouds
443,Tangping,CN,22.0265,111.9323,80.46,88,0,2.04,clear sky
444,Mareeba,AU,-17.0,145.4333,63.32,97,8,2.37,clear sky
445,Mountain Home,US,43.133,-115.6912,83.68,20,20,13.8,few clouds
446,Nyurba,RU,63.2842,118.3319,65.46,81,15,7.96,few clouds
447,Fergus Falls,US,46.283,-96.0776,72.66,61,75,13.8,broken clouds
448,Washington,US,47.5001,-120.5015,87.19,33,5,3.94,clear sky
449,Rizhao,CN,35.4275,119.4553,73.62,91,0,3.33,clear sky
450,Vestmanna,FO,62.1564,-7.1664,50.92,76,75,17.27,broken clouds
451,Bokhan,RU,53.153,103.7714,58.17,85,100,1.86,overcast clouds
452,Boende,CD,-0.2167,20.8667,79.43,67,97,1.95,overcast clouds
453,Mackay,AU,-21.15,149.2,53.69,90,17,6.46,few clouds
454,Tacna,PE,-18.0056,-70.2483,64.6,55,0,6.91,clear sky
455,Labuhan,ID,-6.8844,112.2051,73.04,80,87,8.77,overcast clouds
456,Guangyuan,CN,32.442,105.823,74.16,86,89,1.43,overcast clouds
457,Djambala,CG,-2.5447,14.7533,76.8,61,93,2.8,overcast clouds
458,Umea,SE,63.8284,20.2597,62.53,67,0,5.75,clear sky
459,Ulaangom,MN,49.9811,92.0667,61.56,49,99,8.23,overcast clouds
460,Cabra,ES,37.4725,-4.4421,97.48,9,14,5.35,few clouds
461,Turukhansk,RU,65.8167,87.9833,52.93,88,100,14.58,overcast clouds
462,Mahanoro,MG,-19.9,48.8,65.57,90,10,2.95,clear sky
463,Nenjiang,CN,49.1833,125.2167,65.62,82,100,2.42,overcast clouds
464,Alcudia,ES,39.8532,3.1214,88.25,52,0,1.68,clear sky
465,Kalya,IN,12.9793,77.1806,68.81,90,100,6.71,overcast clouds
466,Poum,NC,-20.2333,164.0167,73.92,68,0,11.34,clear sky
467,Paragominas,BR,-2.9667,-47.4833,92.35,39,99,4.05,overcast clouds
468,Rovaniemi,FI,66.5,25.7167,63.81,48,0,3.44,clear sky
469,Yuli,NG,9.6989,10.2744,79.97,73,93,3.51,light rain
470,Saint-Francois,FR,46.4154,3.9054,87.24,42,0,4.61,clear sky
471,Omsukchan,RU,62.5333,155.8,49.71,58,76,4.45,broken clouds
472,Padang,ID,-0.9492,100.3543,77.02,88,100,2.19,moderate rain
473,Kurilsk,RU,45.2333,147.8833,54.32,97,98,13.67,overcast clouds
474,Caravelas,BR,-17.7125,-39.2481,75.2,62,82,7.47,broken clouds
475,Senekal,ZA,-28.3197,27.6208,41.49,43,0,3.04,clear sky
476,Pasan,IN,22.85,82.2,74.79,95,100,2.73,overcast clouds
477,Aquiraz,BR,-3.9014,-38.3911,89.46,72,90,12.15,overcast clouds
478,Qinggang,CN,46.6833,126.0833,63.77,97,100,2.84,overcast clouds
479,Tabas,IR,33.5959,56.9244,95.32,18,0,17.02,clear sky
480,Berlevag,NO,70.8578,29.0864,53.55,71,0,12.66,clear sky
481,Chitradurga,IN,14.2333,76.4,70.72,87,100,14.23,overcast clouds
482,Hongjiang,CN,27.11,109.9956,78.53,82,0,3.76,clear sky
483,Babylon,US,40.6957,-73.3257,98.33,51,0,16.11,clear sky
484,Zhigansk,RU,66.7697,123.3711,53.42,88,5,9.84,clear sky
485,Piran,SI,45.5278,13.5706,91.51,51,0,2.3,clear sky
486,Seoul,KR,37.5683,126.9778,74.8,94,75,6.91,broken clouds
487,Tromso,NO,69.6496,18.957,53.38,76,20,12.66,few clouds
488,Makakilo City,US,21.3469,-158.0858,79.12,58,75,13.8,broken clouds
489,Lodja,CD,-3.4833,23.4333,77.61,63,78,2.39,broken clouds
490,Polunochnoye,RU,60.8697,60.4153,58.69,97,98,4.16,light rain
491,Portree,GB,57.4129,-6.1942,58.51,98,100,4.45,overcast clouds
492,Sergeyevka,KZ,53.88,67.4158,64.15,67,11,4.21,few clouds
493,Mocuba,MZ,-16.8392,36.9856,64.35,89,2,3.31,clear sky
494,Quatre Cocos,MU,-20.2078,57.7625,68.11,73,5,10.16,clear sky
495,Abu Samrah,SY,35.3029,37.1841,82.2,24,0,10.6,clear sky
496,Bandarbeyla,SO,9.4942,50.8122,76.44,83,100,31.18,overcast clouds
497,Mul,IN,20.0667,79.6667,74.91,96,100,4.41,overcast clouds
498,Sibolga,ID,1.7427,98.7792,76.08,90,100,2.8,light rain
499,Garowe,SO,8.4054,48.4845,80.65,48,99,22.41,overcast clouds
500,Dire,ML,12.2833,-10.9667,77.2,88,100,0.74,light rain
501,Sasina,BA,44.7987,16.739,78.78,65,0,2.33,clear sky
502,Luderitz,NA,-26.6481,15.1594,64.13,53,4,8.68,clear sky
503,Lapua,FI,62.9693,23.0088,65.08,75,96,4.25,overcast clouds
504,Saint-Felicien,CA,48.6501,-72.4491,81.28,61,75,12.66,broken clouds
505,Deming,US,32.2687,-107.7586,91.29,31,0,16.11,clear sky
506,Virginia Beach,US,36.8529,-75.978,98.02,55,40,8.05,scattered clouds
507,Salalah,OM,17.0151,54.0924,76.89,90,100,6.71,overcast clouds
508,Luocheng,CN,29.3848,104.0286,75.04,88,63,1.3,broken clouds
509,Saint-Pierre,RE,-21.3393,55.4781,67.91,72,20,3.44,few clouds
510,Ponta Pora,BR,-22.5361,-55.7256,85.91,30,0,11.5,clear sky
511,Aswan,EG,24.0934,32.907,97.9,9,0,5.75,clear sky
512,Dubai,AE,25.2582,55.3047,102.13,35,0,3.44,clear sky
513,Pitsunda,GE,43.1592,40.3378,66.38,70,11,3.04,few clouds
514,Olafsvik,IS,64.8945,-23.7142,53.35,78,98,6.49,overcast clouds
515,Clyde River,CA,70.4692,-68.5914,43.03,93,100,18.41,mist
516,Quelimane,MZ,-17.8786,36.8883,66.87,82,0,5.28,clear sky
517,Leningradskiy,RU,69.3833,178.4167,34.48,93,100,3.74,overcast clouds
518,Lhokseumawe,ID,5.1801,97.1507,77.23,87,88,4.79,overcast clouds
519,Hervey Bay,AU,-25.2986,152.8535,61.12,78,4,9.95,clear sky
520,Beloha,MG,-25.1667,45.05,63.73,82,0,3.56,clear sky
521,Arman,RU,59.7,150.1667,52.02,94,100,1.25,light rain
522,Rudsar,IR,37.1376,50.288,73.38,74,89,1.86,light rain
523,Atbasar,KZ,51.8,68.3333,68.9,52,38,4.0,scattered clouds
524,Riverton,US,40.5219,-111.9391,89.24,37,0,13.8,clear sky
525,Pianco,BR,-7.1981,-37.9292,88.83,33,100,13.11,overcast clouds
526,Qinhuangdao,CN,39.9317,119.5883,74.5,84,10,5.41,clear sky
527,Sistranda,NO,63.7256,8.834,58.96,88,100,15.75,light rain
528,Kawambwa,ZM,-9.7915,29.0791,64.67,44,28,4.99,scattered clouds
529,Tena,EC,-0.9833,-77.8167,85.06,57,37,4.9,light rain
530,Brae,GB,60.3964,-1.353,54.14,88,100,10.27,overcast clouds
531,Imbituba,BR,-28.24,-48.6703,75.85,85,100,3.0,overcast clouds
532,Formosa Do Rio Preto,BR,-11.0483,-45.1931,89.71,26,16,8.48,few clouds
533,Kuzhener,RU,56.8111,48.9128,68.94,79,64,3.69,light rain
534,Broken Hill,AU,-31.95,141.4333,55.18,65,91,11.72,overcast clouds
535,Mabaruma,GY,8.2,-59.7833,80.17,89,66,5.3,broken clouds
536,Tura,IN,25.5198,90.2201,73.9,98,100,4.32,overcast clouds
537,Boulsa,BF,12.6675,-0.5758,79.34,75,100,2.89,overcast clouds
538,Port Hardy,CA,50.6996,-127.4199,59.18,88,75,9.22,broken clouds
539,Kaliua,TZ,-5.0606,31.7936,77.49,33,95,5.59,overcast clouds
540,Nizwa,OM,22.9333,57.5333,88.18,50,100,1.72,overcast clouds
541,Barcelos,PT,41.5388,-8.6151,75.92,65,0,7.25,clear sky
542,Skibotn,NO,69.3913,20.2679,52.65,79,100,3.8,overcast clouds
543,Dukat,RU,62.55,155.55,48.7,58,64,3.62,broken clouds
544,Barstow,US,34.8986,-117.0228,100.17,14,3,2.8,clear sky
545,Hay River,CA,60.8156,-115.7999,62.58,67,100,16.11,overcast clouds
546,Coshocton,US,40.272,-81.8596,91.98,67,83,5.01,broken clouds
547,Whyalla,AU,-33.0333,137.5833,54.99,86,84,13.56,broken clouds
548,Shenzhen,CN,22.5455,114.0683,90.99,92,0,6.91,clear sky
549,Maragogi,BR,-9.0122,-35.2225,75.27,73,100,11.03,overcast clouds
550,Muisne,EC,0.6,-80.0333,75.36,85,100,12.97,overcast clouds
551,Horsham,GB,51.064,-0.3272,75.02,58,0,11.5,clear sky
552,Gainesville,US,29.6516,-82.3248,93.9,74,0,8.05,clear sky
553,San Jose De Gracia,MX,20.6667,-102.5833,76.03,52,52,1.92,broken clouds
554,Esterhazy,CA,50.65,-102.0843,65.25,59,25,4.41,scattered clouds
555,Nueva Loja,EC,0.0847,-76.8828,82.42,74,75,3.44,broken clouds
556,Olinda,BR,-8.0089,-34.8553,80.33,61,75,18.41,broken clouds
557,Buala,SB,-8.145,159.5921,79.5,82,6,7.02,clear sky
558,Kem,RU,64.9555,34.5793,53.29,89,31,4.97,scattered clouds
559,Port Macquarie,AU,-31.4333,152.9167,44.89,91,6,5.48,clear sky
560,Mount Darwin,ZW,-16.7725,31.5838,61.79,47,73,1.79,broken clouds
561,Beringovskiy,RU,63.05,179.3167,44.78,79,100,11.43,overcast clouds
562,Mayor Pablo Lagerenza,PY,-19.9309,-60.7718,98.33,18,0,14.03,clear sky
563,Chapais,CA,49.7834,-74.8492,73.18,60,100,15.48,overcast clouds
564,Weiden,DE,49.6775,12.1567,84.42,30,0,0.0,clear sky
565,Tazovskiy,RU,67.4667,78.7,53.98,99,100,5.21,light rain
566,Atar,MR,20.5169,-13.0499,111.25,16,7,6.91,dust
567,Toamasina,MG,-18.1667,49.3833,68.0,94,40,3.44,scattered clouds
568,Milkovo,RU,54.7167,158.6167,55.76,76,100,5.53,overcast clouds
569,Sovetskiy,RU,61.3614,63.5842,57.87,93,71,1.86,broken clouds
570,Sojat,IN,25.9167,73.6667,81.79,79,100,9.71,light rain
571,Isangel,VU,-19.55,169.2667,75.76,89,3,3.02,clear sky
572,Sampit,ID,-2.5333,112.95,71.71,97,17,2.51,few clouds
573,Nanakuli,US,21.3906,-158.1547,80.62,61,75,8.05,broken clouds
574,Kindersley,CA,51.4668,-109.1682,78.82,38,20,6.91,few clouds
575,Benito Juarez,MX,19.385,-99.165,71.01,48,90,8.99,overcast clouds
576,Awjilah,LY,29.1081,21.2869,89.13,21,0,10.38,clear sky
577,Bonthe,SL,7.5264,-12.505,74.89,88,100,9.17,light rain
578,Kysyl-Syr,RU,63.8986,122.7617,54.34,85,9,5.12,clear sky
579,Novoagansk,RU,61.9449,76.6625,47.84,94,100,5.86,overcast clouds
580,Gusevskiy,RU,55.662,40.5627,69.3,69,82,4.43,broken clouds
581,Nishihara,JP,26.1842,127.7558,83.48,89,20,4.61,few clouds
582,Vaitape,PF,-16.5167,-151.75,78.55,76,2,11.97,light rain
583,Quang Ngai,VN,15.1167,108.8,75.69,90,41,5.08,scattered clouds
584,Plouzane,FR,48.3833,-4.6167,68.32,86,100,14.97,overcast clouds
585,Winnemucca,US,40.973,-117.7357,89.65,11,0,14.97,clear sky
586,Syedove,UA,47.0768,38.156,75.54,59,27,8.23,scattered clouds
587,Antofagasta,CL,-23.65,-70.4,60.08,70,6,5.88,clear sky
588,Baft,IR,29.234,56.6057,75.24,38,100,3.29,overcast clouds
589,Riyadh,SA,24.6877,46.7219,102.34,13,47,9.01,scattered clouds
590,Nantucket,US,41.2835,-70.0995,87.91,85,75,14.97,mist
591,Abonnema,NG,4.7084,6.7931,75.42,79,49,7.76,scattered clouds
592,Inskoy,RU,54.4297,86.44,49.64,95,47,6.62,scattered clouds
593,Botwood,CA,49.1499,-55.3482,87.21,37,60,11.3,broken clouds
594,Duisburg,DE,51.4333,6.75,87.13,46,0,4.61,clear sky
595,Cockburn Town,TC,21.4612,-71.1419,80.56,83,40,12.66,scattered clouds
596,Marrakesh,MA,31.6315,-8.0083,104.07,17,40,6.91,scattered clouds
597,Truth Or Consequences,US,33.1284,-107.2528,87.91,39,0,6.91,clear sky
598,Santa Cruz,BO,-17.8,-63.1667,89.06,45,75,24.16,broken clouds
599,Bowen,AU,-20.0167,148.2333,59.07,90,0,7.16,clear sky
600,Gimli,CA,50.6336,-96.9907,64.92,53,100,11.86,overcast clouds
601,Christchurch,NZ,-43.5333,172.6333,42.33,100,100,4.61,overcast clouds
602,Concepcion Del Uruguay,AR,-32.4825,-58.2372,79.99,72,30,1.99,scattered clouds
603,Dawei,MM,14.0833,98.2,77.32,93,62,2.64,broken clouds
604,Esfahan,IR,32.6572,51.6776,89.24,10,46,11.92,scattered clouds
605,Kadnikov,RU,59.5022,40.338,64.33,94,100,2.86,moderate rain
606,Dicabisagan,PH,17.0818,122.4157,81.19,84,63,1.21,broken clouds
607,Port Antonio,JM,18.18,-76.4612,89.51,66,100,7.34,overcast clouds
608,Seymchan,RU,62.8833,152.4333,54.05,74,8,2.82,clear sky
609,Fredericksburg,US,38.3032,-77.4605,98.44,46,0,4.61,clear sky
610,Vallenar,CL,-28.5708,-70.7581,67.08,51,0,4.32,clear sky
611,Pontes E Lacerda,BR,-15.2261,-59.3353,97.34,17,0,5.82,clear sky
612,Greenville,US,35.6127,-77.3663,93.36,55,75,8.05,broken clouds
613,Sidi Ali,DZ,36.0998,0.4206,81.43,51,0,4.16,clear sky
614,Mercedes,AR,-34.6515,-59.4307,60.78,88,99,11.77,overcast clouds
615,Chardara,KZ,41.2547,67.9692,85.37,26,0,9.93,clear sky
616,Sorong,ID,-0.8833,131.25,78.12,87,85,4.72,overcast clouds
617,Vila,PT,42.0304,-8.1588,72.7,57,0,5.06,clear sky
618,Storsteinnes,NO,69.2408,19.2344,54.25,73,98,3.18,overcast clouds
619,Santa Rosalia,MX,27.3167,-112.2833,88.65,45,82,10.58,broken clouds
620,Prieska,ZA,-29.6641,22.7474,50.32,40,0,10.92,clear sky
621,Hoquiam,US,46.9809,-123.8893,76.42,82,75,9.22,broken clouds
622,Sambava,MG,-14.2667,50.1667,68.97,87,22,11.03,few clouds
623,Pires Do Rio,BR,-17.2997,-48.2794,84.67,22,0,9.35,clear sky
624,Talara,PE,-4.5772,-81.2719,75.96,60,0,16.11,clear sky
625,Nobres,BR,-14.7203,-56.3275,97.54,18,0,6.04,clear sky
626,Ucluelet,CA,48.9329,-125.5528,59.31,76,98,4.94,overcast clouds
627,Bambanglipuro,ID,-7.95,110.2833,72.54,78,44,7.83,scattered clouds
628,Magadan,RU,59.5667,150.8,51.53,88,100,4.36,light rain
629,Pauini,BR,-7.7136,-66.9764,86.23,53,98,2.95,overcast clouds
630,Sabang,ID,5.8933,95.3214,80.92,75,100,3.78,overcast clouds
631,Sangar,RU,63.9242,127.4739,57.18,80,34,3.33,scattered clouds
632,Kimbe,PG,-5.5502,150.1429,74.98,90,10,4.81,clear sky
633,Mayumba,GA,-3.432,10.6554,70.21,90,62,4.41,broken clouds
634,Saint-Georges,GD,12.0564,-61.7485,85.68,70,20,23.02,few clouds
635,Bjornevatn,NO,69.6672,29.9847,55.74,58,0,8.05,clear sky
636,Zherdevka,RU,51.8486,41.4606,70.66,70,100,5.5,overcast clouds
637,Sivaki,RU,52.6333,126.75,62.17,82,0,3.0,clear sky
638,Ixtapa,MX,20.7,-105.2,90.23,67,56,3.0,broken clouds
639,Umm Lajj,SA,25.0213,37.2685,85.87,64,100,2.19,overcast clouds
640,Havoysund,NO,70.9963,24.6622,50.23,84,75,9.24,broken clouds
641,Nelson Bay,AU,-32.7167,152.15,54.0,99,4,8.01,clear sky
642,Barrhead,GB,55.7992,-4.3929,63.01,88,75,10.36,broken clouds
643,Henties Bay,NA,-22.116,14.2845,55.11,90,22,2.1,few clouds
644,Luoyang,CN,34.6836,112.4536,75.9,75,14,2.19,few clouds
645,Agadez,NE,19.75,10.25,94.87,13,16,5.57,few clouds
646,Ruteng,ID,-8.6136,120.4721,55.74,91,42,1.23,scattered clouds
647,Anloga,GH,5.7947,0.8973,76.19,82,8,11.14,clear sky
648,Palmer,US,42.1584,-72.3287,95.65,39,75,14.97,broken clouds
649,Ukiah,US,39.1502,-123.2078,101.44,36,0,3.44,clear sky
650,Mangan,IN,27.5167,88.5333,73.35,91,92,2.35,overcast clouds
651,San Jose,US,37.3394,-121.895,84.54,53,0,4.61,clear sky
652,Andenes,NO,69.3143,16.1194,52.93,76,37,12.66,scattered clouds
653,Hirara,JP,24.8,125.2833,84.54,75,98,5.91,overcast clouds
654,Maneadero,MX,31.7167,-116.5667,74.1,75,99,3.0,overcast clouds
655,Kisangani,CD,0.5167,25.2,77.36,78,75,1.59,broken clouds
656,Novobelokatay,RU,55.7062,58.9549,62.96,84,84,1.52,light rain
657,Havre-Saint-Pierre,CA,50.2334,-63.5986,73.76,68,0,13.8,clear sky
658,Mlonggo,ID,-6.5333,110.7,74.08,77,88,8.79,overcast clouds
659,Hofn,IS,64.2539,-15.2082,52.25,83,21,5.48,few clouds
660,Rosarno,IT,38.4841,15.979,84.36,81,0,2.55,clear sky
661,Yerbogachen,RU,61.2767,108.0108,61.93,80,100,2.64,overcast clouds
662,Ribnica,SI,45.7386,14.7275,73.81,74,0,4.65,clear sky
663,Usinsk,RU,65.9939,57.5281,51.93,67,96,9.24,overcast clouds
664,Flinders,AU,-34.5833,150.8552,49.17,91,1,5.99,clear sky
665,Tanhacu,BR,-14.0214,-41.2481,82.15,38,15,0.65,few clouds
666,Chimore,BO,-16.9833,-65.1333,86.32,47,87,3.49,overcast clouds
667,Kudahuvadhoo,MV,2.6708,72.8944,82.33,72,99,9.98,overcast clouds
668,Kulhudhuffushi,MV,6.6221,73.07,81.27,76,100,12.5,overcast clouds
669,Sioux Lookout,CA,50.1001,-91.917,53.67,87,100,14.97,overcast clouds
670,Taicheng,CN,38.731,113.228,66.33,62,86,4.81,overcast clouds
671,Anadyr,RU,64.75,177.4833,43.3,86,20,2.24,few clouds
672,Nicoya,CR,10.1483,-85.452,85.59,66,72,5.35,broken clouds
673,Half Moon Bay,US,37.4636,-122.4286,80.82,70,100,10.36,mist
674,Kanadey,RU,53.1679,47.5264,66.22,86,100,1.59,light rain
675,Impfondo,CG,1.6381,18.0667,77.61,74,100,2.39,light rain
676,Klyuchevskiy,RU,53.5317,119.4519,64.13,76,100,2.91,overcast clouds
677,Kasongo-Lunda,CD,-6.4667,16.8167,83.37,36,100,1.03,overcast clouds
678,Utiel,ES,39.5667,-1.2,90.01,16,0,6.35,clear sky
679,Barsovo,RU,61.1667,73.1667,55.53,74,0,5.57,clear sky
680,Krasnoselkup,RU,65.7,82.4667,53.87,96,100,21.18,light rain
